section,half,round_no,battle_no,team1,team2,player1,player2,fise,winlose,class1_used,class1_pool,class2_used,class2_pool,video_url
1,前半戦,1,1,CR,ZETA,ふえた,CQCQ,先攻,WIN,ロイヤル,ロイヤル|ドラゴン|ネメシス,ウィッチ,ウィッチ|ドラゴン|ナイトメア,https://www.youtube.com/watch?v=4cbnMJyaBDA&t=2700
1,前半戦,1,2,CR,ZETA,Atom,ねぎま,先攻,WIN,ビショップ,ウィッチ|ビショップ,エルフ,エルフ|ネメシス,https://www.youtube.com/watch?v=4cbnMJyaBDA&t=3990
1,前半戦,1,3,CR,ZETA,Winter,ヘイム,先攻,LOSE,エルフ,エルフ|ナイトメア,ビショップ,ロイヤル|ビショップ,https://www.youtube.com/watch?v=4cbnMJyaBDA&t=5165
1,前半戦,1,4,CR,ZETA,チームバトル,チームバトル,後攻,WIN,ネメシス,ウィッチ|ドラゴン|ナイトメア|ネメシス,ドラゴン,ロイヤル|ドラゴン|ナイトメア|ネメシス,https://www.youtube.com/watch?v=4cbnMJyaBDA&t=7455
1,前半戦,2,1,DFM,VRL,かなで,まっつ,後攻,LOSE,ロイヤル,ロイヤル|ウィッチ|ビショップ,ネメシス,エルフ|ウィッチ|ネメシス,https://www.youtube.com/watch?v=4cbnMJyaBDA&t=11000
1,前半戦,2,2,DFM,VRL,ユーリ,Terarina,先攻,WIN,エルフ,エルフ|ナイトメア,ナイトメア,ナイトメア|ビショップ,https://www.youtube.com/watch?v=4cbnMJyaBDA&t=12256
1,前半戦,2,3,DFM,VRL,ミル,Mishadow51,後攻,WIN,ネメシス,ドラゴン|ネメシス,ドラゴン,ロイヤル|ドラゴン,https://www.youtube.com/watch?v=4cbnMJyaBDA&t=13464
1,前半戦,2,4,DFM,VRL,チームバトル,チームバトル,先攻,WIN,ナイトメア,ウィッチ|ドラゴン|ナイトメア|ビショップ,ウィッチ,エルフ|ロイヤル|ウィッチ|ビショップ,https://www.youtube.com/watch?v=4cbnMJyaBDA&t=14880
1,後半戦,1,1,RDL,LVH,ぱんさく,だーよね,後攻,LOSE,ビショップ,ロイヤル|ナイトメア|ビショップ,ナイトメア,エルフ|ナイトメア|ネメシス,https://www.youtube.com/watch?v=XeumPnnTzdQ&t=2585
1,後半戦,1,2,RDL,LVH,山田レクイエム,rikka,先攻,LOSE,ウィッチ,ウィッチ|ネメシス,ウィッチ,ウィッチ|ビショップ,https://www.youtube.com/watch?v=XeumPnnTzdQ&t=4100
1,後半戦,1,3,RDL,LVH,折り紙,Era53,先攻,LOSE,エルフ,エルフ|ドラゴン,ロイヤル,ロイヤル|ドラゴン,https://www.youtube.com/watch?v=XeumPnnTzdQ&t=5311
1,後半戦,1,4,RDL,LVH,チームバトル,チームバトル,先攻,WIN,ナイトメア,ロイヤル|ドラゴン|ナイトメア|ネメシス,ネメシス,エルフ|ドラゴン|ビショップ|ネメシス,https://www.youtube.com/watch?v=XeumPnnTzdQ&t=7075
1,後半戦,2,1,MRG,RC,Toby,拓海,後攻,LOSE,ビショップ,エルフ|ウィッチ|ビショップ,ビショップ,エルフ|ビショップ|ネメシス,https://www.youtube.com/watch?v=XeumPnnTzdQ&t=11135
1,後半戦,2,2,MRG,RC,Spicies,たばた,先攻,WIN,ロイヤル,ロイヤル|ナイトメア,ロイヤル,ロイヤル|ドラゴン,https://www.youtube.com/watch?v=XeumPnnTzdQ&t=12530
1,後半戦,2,3,MRG,RC,マイト,ぱらちゃん,後攻,LOSE,ネメシス,ドラゴン|ネメシス,ウィッチ,ウィッチ|ナイトメア,https://www.youtube.com/watch?v=XeumPnnTzdQ&t=13590
1,後半戦,2,4,MRG,RC,チームバトル,チームバトル,先攻,WIN,ウィッチ,エルフ|ウィッチ|ドラゴン|ナイトメア,ネメシス,エルフ|ドラゴン|ナイトメア|ネメシス,https://www.youtube.com/watch?v=XeumPnnTzdQ&t=15380
1,後半戦,2,5,MRG,RC,チームバトル,チームバトル,先攻,LOSE,エルフ,エルフ|ドラゴン|ナイトメア,ドラゴン,エルフ|ドラゴン|ナイトメア,https://www.youtube.com/watch?v=XeumPnnTzdQ&t=16755
2,前半戦,1,1,CR,VRL,空白,monakawan,後攻,WIN,ドラゴン,ロイヤル|ドラゴン|ナイトメア,ネメシス,ロイヤル|ビショップ|ネメシス,https://www.youtube.com/watch?v=MFduC1Mlva4&t=1750
2,前半戦,1,2,CR,VRL,ふえた,Mishadow51,後攻,WIN,ネメシス,エルフ|ネメシス,ドラゴン,エルフ|ドラゴン,https://www.youtube.com/watch?v=MFduC1Mlva4&t=3440
2,前半戦,1,3,CR,VRL,Atom,Terarina,後攻,WIN,ウィッチ,ウィッチ|ビショップ,ウィッチ,ウィッチ|ナイトメア,https://www.youtube.com/watch?v=MFduC1Mlva4&t=5070
2,前半戦,1,4,CR,VRL,チームバトル,チームバトル,先攻,WIN,エルフ,エルフ|ロイヤル|ナイトメア|ビショップ,ビショップ,エルフ|ロイヤル|ナイトメア|ビショップ,https://www.youtube.com/watch?v=MFduC1Mlva4&t=6910
2,前半戦,2,1,ZETA,LVH,ねぎま,だーよね,後攻,LOSE,ドラゴン,ドラゴン|ナイトメア|ネメシス,ネメシス,エルフ|ナイトメア|ネメシス,https://www.youtube.com/watch?v=MFduC1Mlva4&t=10215
2,前半戦,2,2,ZETA,LVH,ヘイム,Era53,先攻,WIN,ロイヤル,ロイヤル|ビショップ,ドラゴン,ロイヤル|ドラゴン,https://www.youtube.com/watch?v=MFduC1Mlva4&t=11840
2,前半戦,2,3,ZETA,LVH,CQCQ,rikka,先攻,LOSE,エルフ,エルフ|ウィッチ,ウィッチ,ウィッチ|ビショップ,https://www.youtube.com/watch?v=MFduC1Mlva4&t=13000
2,前半戦,2,4,ZETA,LVH,チームバトル,チームバトル,先攻,WIN,ネメシス,ウィッチ|ナイトメア|ビショップ|ネメシス,エルフ,エルフ|ロイヤル|ナイトメア|ビショップ,https://www.youtube.com/watch?v=MFduC1Mlva4&t=14553
2,前半戦,2,5,ZETA,LVH,チームバトル,チームバトル,後攻,LOSE,ウィッチ,ウィッチ|ナイトメア|ビショップ,ロイヤル,ロイヤル|ナイトメア|ビショップ,https://www.youtube.com/watch?v=MFduC1Mlva4&t=16095
2,後半戦,1,1,DFM,RC,ユーリ,拓海,先攻,WIN,ナイトメア,エルフ|ロイヤル|ナイトメア,ウィッチ,エルフ|ウィッチ|ビショップ,https://www.youtube.com/watch?v=8v4bKsn0WAI&t=1669
2,後半戦,1,2,DFM,RC,ミル,あぐのむ,後攻,WIN,ドラゴン,ドラゴン|ネメシス,ネメシス,ナイトメア|ネメシス,https://www.youtube.com/watch?v=8v4bKsn0WAI&t=3151
2,後半戦,1,3,DFM,RC,かなで,たばた,後攻,LOSE,ウィッチ,ウィッチ|ビショップ,ドラゴン,ロイヤル|ドラゴン,https://www.youtube.com/watch?v=8v4bKsn0WAI&t=4181
2,後半戦,1,4,DFM,RC,チームバトル,チームバトル,先攻,LOSE,エルフ,エルフ|ロイヤル|ビショップ|ネメシス,ビショップ,エルフ|ロイヤル|ナイトメア|ビショップ,https://www.youtube.com/watch?v=8v4bKsn0WAI&t=5920
2,後半戦,1,5,DFM,RC,チームバトル,チームバトル,先攻,WIN,ネメシス,ロイヤル|ビショップ|ネメシス,ナイトメア,エルフ|ロイヤル|ナイトメア,https://www.youtube.com/watch?v=8v4bKsn0WAI&t=7310
2,後半戦,2,1,RDL,MRG,折り紙,Toby,先攻,LOSE,ドラゴン,エルフ|ドラゴン|ネメシス,ビショップ,エルフ|ウィッチ|ビショップ,https://www.youtube.com/watch?v=8v4bKsn0WAI&t=9846
2,後半戦,2,2,RDL,MRG,Chappy,Spicies,先攻,LOSE,ナイトメア,ロイヤル|ナイトメア,ネメシス,ナイトメア|ネメシス,https://www.youtube.com/watch?v=8v4bKsn0WAI&t=11415
2,後半戦,2,3,RDL,MRG,山田レクイエム,glory,先攻,LOSE,ビショップ,ウィッチ|ビショップ,ドラゴン,ロイヤル|ドラゴン,https://www.youtube.com/watch?v=8v4bKsn0WAI&t=12440
2,後半戦,2,4,RDL,MRG,チームバトル,チームバトル,後攻,WIN,ネメシス,エルフ|ロイヤル|ウィッチ|ネメシス,ナイトメア,エルフ|ロイヤル|ウィッチ|ナイトメア,https://www.youtube.com/watch?v=8v4bKsn0WAI&t=13734
3,前半戦,1,1,DFM,RDL,ユーリ,Stylish_deko,後攻,WIN,ネメシス,エルフ|ナイトメア|ネメシス,ビショップ,エルフ|ナイトメア|ビショップ,https://www.youtube.com/watch?v=N-_eE_fa59s&t=1612
3,前半戦,1,2,DFM,RDL,ミル,山田レクイエム,先攻,WIN,ドラゴン,ドラゴン|ビショップ,ウィッチ,ロイヤル|ウィッチ,https://www.youtube.com/watch?v=N-_eE_fa59s&t=3145
3,前半戦,1,3,DFM,RDL,かなで,折り紙,後攻,WIN,ウィッチ,ロイヤル|ウィッチ,ドラゴン,ドラゴン|ネメシス,https://www.youtube.com/watch?v=N-_eE_fa59s&t=4720
3,前半戦,1,4,DFM,RDL,チームバトル,チームバトル,後攻,WIN,ビショップ,エルフ|ロイヤル|ナイトメア|ビショップ,ナイトメア,エルフ|ロイヤル|ナイトメア|ネメシス,https://www.youtube.com/watch?v=N-_eE_fa59s&t=6235
3,前半戦,2,1,VRL,RC,Terarina,たばた,後攻,LOSE,ドラゴン,エルフ|ドラゴン|ビショップ,ロイヤル,ロイヤル|ドラゴン|ビショップ,https://www.youtube.com/watch?v=N-_eE_fa59s&t=9575
3,前半戦,2,2,VRL,RC,まっつ,拓海,先攻,LOSE,ウィッチ,ウィッチ|ナイトメア,ネメシス,エルフ|ネメシス,https://www.youtube.com/watch?v=N-_eE_fa59s&t=10430
3,前半戦,2,3,VRL,RC,monakawan,つきあかめん,後攻,LOSE,ロイヤル,ロイヤル|ネメシス,ウィッチ,ウィッチ|ナイトメア,https://www.youtube.com/watch?v=N-_eE_fa59s&t=11610
3,前半戦,2,4,VRL,RC,チームバトル,チームバトル,後攻,LOSE,ネメシス,エルフ|ナイトメア|ビショップ|ネメシス,ビショップ,エルフ|ドラゴン|ナイトメア|ビショップ,https://www.youtube.com/watch?v=N-_eE_fa59s&t=13185
3,後半戦,1,1,ZETA,MRG,TBT,マイト,先攻,LOSE,ドラゴン,エルフ|ロイヤル|ドラゴン,ネメシス,ドラゴン|ナイトメア|ネメシス,https://www.youtube.com/watch?v=N-_eE_fa59s&t=16435
3,後半戦,1,2,ZETA,MRG,ヘイム,glory,後攻,LOSE,ウィッチ,ウィッチ|ビショップ,ロイヤル,ロイヤル|ウィッチ,https://www.youtube.com/watch?v=N-_eE_fa59s&t=17444
3,後半戦,1,3,ZETA,MRG,CQCQ,Toby,後攻,LOSE,ネメシス,ナイトメア|ネメシス,ビショップ,エルフ|ビショップ,https://www.youtube.com/watch?v=N-_eE_fa59s&t=19245
3,後半戦,1,4,ZETA,MRG,チームバトル,チームバトル,後攻,WIN,ナイトメア,エルフ|ロイヤル|ナイトメア|ビショップ,エルフ,エルフ|ウィッチ|ドラゴン|ナイトメア,https://www.youtube.com/watch?v=N-_eE_fa59s&t=21165
3,後半戦,2,1,CR,LVH,ふえた,だーよね,先攻,WIN,ウィッチ,エルフ|ウィッチ|ネメシス,ネメシス,エルフ|ナイトメア|ネメシス,https://www.youtube.com/watch?v=N-_eE_fa59s&t=23765
3,後半戦,2,2,CR,LVH,Atom,rikka,後攻,LOSE,ビショップ,ナイトメア|ビショップ,ウィッチ,ウィッチ|ビショップ,https://www.youtube.com/watch?v=N-_eE_fa59s&t=24945
3,後半戦,2,3,CR,LVH,空白,Era53,先攻,LOSE,ロイヤル,ロイヤル|ドラゴン,ロイヤル,ロイヤル|ドラゴン,https://www.youtube.com/watch?v=N-_eE_fa59s&t=26160
3,後半戦,2,4,CR,LVH,チームバトル,チームバトル,後攻,LOSE,ドラゴン,エルフ|ドラゴン|ナイトメア|ネメシス,エルフ,エルフ|ドラゴン|ナイトメア|ビショップ,https://www.youtube.com/watch?v=N-_eE_fa59s&t=27465
4,前半戦,1,1,CR,RC,Atom,たばた,後攻,WIN,エルフ,エルフ|ウィッチ|ビショップ,ドラゴン,ロイヤル|ドラゴン|ビショップ,https://www.youtube.com/watch?v=x6PeWkSyyV4&t=1713
4,前半戦,1,2,CR,RC,ふぇぐ,あぐのむ,先攻,WIN,ドラゴン,ロイヤル|ドラゴン,ネメシス,ナイトメア|ネメシス,https://www.youtube.com/watch?v=x6PeWkSyyV4&t=2543
4,前半戦,1,3,CR,RC,ふえた,拓海,後攻,LOSE,ナイトメア,ナイトメア|ネメシス,エルフ,エルフ|ウィッチ,https://www.youtube.com/watch?v=x6PeWkSyyV4&t=3985
4,前半戦,1,4,CR,RC,チームバトル,チームバトル,先攻,WIN,ロイヤル,ロイヤル|ウィッチ|ビショップ|ネメシス,ウィッチ,ロイヤル|ウィッチ|ナイトメア|ビショップ,https://www.youtube.com/watch?v=x6PeWkSyyV4&t=5370
4,前半戦,2,1,LVH,MRG,Era53,Spicies,先攻,WIN,ロイヤル,エルフ|ロイヤル|ドラゴン,ネメシス,ドラゴン|ナイトメア|ネメシス,https://www.youtube.com/watch?v=x6PeWkSyyV4&t=7604
4,前半戦,2,2,LVH,MRG,rikka,Toby,先攻,LOSE,ウィッチ,ウィッチ|ビショップ,エルフ,エルフ|ビショップ,https://www.youtube.com/watch?v=x6PeWkSyyV4&t=8588
4,前半戦,2,3,LVH,MRG,だーよね,glory,先攻,WIN,ナイトメア,ナイトメア|ネメシス,ロイヤル,ロイヤル|ウィッチ,https://www.youtube.com/watch?v=x6PeWkSyyV4&t=9390
4,前半戦,2,4,LVH,MRG,チームバトル,チームバトル,先攻,LOSE,ドラゴン,エルフ|ドラゴン|ビショップ|ネメシス,ウィッチ,ウィッチ|ドラゴン|ナイトメア|ビショップ,https://www.youtube.com/watch?v=x6PeWkSyyV4&t=10865
4,前半戦,2,5,LVH,MRG,チームバトル,チームバトル,後攻,WIN,ネメシス,エルフ|ビショップ|ネメシス,ドラゴン,ドラゴン|ナイトメア|ビショップ,https://www.youtube.com/watch?v=x6PeWkSyyV4&t=12230
4,後半戦,1,1,VRL,RDL,monakawan,ぱんさく,先攻,LOSE,エルフ,エルフ|ナイトメア|ネメシス,ナイトメア,エルフ|ドラゴン|ナイトメア,https://www.youtube.com/watch?v=t5f1hh-W48E&t=1520
4,後半戦,1,2,VRL,RDL,まっつ,Stylish_deko,先攻,LOSE,ロイヤル,ロイヤル|ウィッチ,ロイヤル,ロイヤル|ビショップ,https://www.youtube.com/watch?v=t5f1hh-W48E&t=2923
4,後半戦,1,3,VRL,RDL,Terarina,山田レクイエム,先攻,WIN,ビショップ,ドラゴン|ビショップ,ネメシス,ウィッチ|ネメシス,https://www.youtube.com/watch?v=t5f1hh-W48E&t=4067
4,後半戦,1,4,VRL,RDL,チームバトル,チームバトル,後攻,LOSE,ウィッチ,ウィッチ|ドラゴン|ナイトメア|ネメシス,ウィッチ,エルフ|ウィッチ|ドラゴン|ビショップ,https://www.youtube.com/watch?v=t5f1hh-W48E&t=5605
4,後半戦,2,1,ZETA,DFM,ヘイム,かなで,後攻,LOSE,ビショップ,ロイヤル|ウィッチ|ビショップ,ビショップ,エルフ|ウィッチ|ビショップ,https://www.youtube.com/watch?v=t5f1hh-W48E&t=8239
4,後半戦,2,2,ZETA,DFM,CQCQ,ミル,先攻,WIN,ネメシス,ナイトメア|ネメシス,ロイヤル,ロイヤル|ドラゴン,https://www.youtube.com/watch?v=t5f1hh-W48E&t=9595
4,後半戦,2,3,ZETA,DFM,TBT,ユーリ,先攻,WIN,エルフ,エルフ|ドラゴン,ネメシス,ナイトメア|ネメシス,https://www.youtube.com/watch?v=t5f1hh-W48E&t=10990
4,後半戦,2,4,ZETA,DFM,チームバトル,チームバトル,後攻,WIN,ドラゴン,ロイヤル|ウィッチ|ドラゴン|ナイトメア,ドラゴン,エルフ|ウィッチ|ドラゴン|ナイトメア,https://www.youtube.com/watch?v=t5f1hh-W48E&t=12540
